fecha,inac_novillo_pie,inac_novillo_4ta,inac_vaca_pie,inac_vaca_4ta,inac_vaquillona_pie,inac_vaquillona_4ta,pr_terneros_usd_kg,pr_terneras_usd_kg,pr_terneros_as_usd_kg,pr_novillos_1_2_usd_kg,pr_novillos_2_3_usd_kg,pr_novillos_3mas_usd_kg,pr_vaquillonas_1_2_usd_kg,pr_vaquillonas_2mas_usd_kg,pr_vacas_invernada_usd_kg,pr_piezas_cria_usd_cab,pr_vientres_entorados_usd_cab,pr_vientres_prenados_usd_cab,novillo_tipo_usd_cab,rhe_novillo,rhe_vaca,usd_uyu
1998-11,0.86,,0.742,,,,,,,,,,,,,,,,,,,
1998-12,0.805,,0.689,,,,,,,,,,,,,,,,,,,
1999-01,0.817,,0.691,,0.753,,,,,,,,,,,,,,,,,
1999-02,0.781,,0.625,,0.709,,,,,,,,,,,,,,,,,
1999-03,0.754,,0.603,,0.686,,,,,,,,,,,,,,,,,
1999-04,0.752,,0.604,,0.687,,,,,,,,,,,,,,,,,
1999-05,0.752,,0.6,,0.695,,,,,,,,,,,,,,,,,
1999-06,0.738,,0.588,,0.691,,,,,,,,,,,,,,,,,
1999-07,0.759,,0.584,,0.698,,,,,,,,,,,,,,,,,
1999-08,0.802,,0.625,,0.715,,,,,,,,,,,,,,,,,
1999-09,0.768,,0.622,,0.695,,,,,,,,,,,,,,,,,
1999-10,0.738,,0.617,,0.673,,,,,,,,,,,,,,,,,
1999-11,0.711,,0.596,,0.65,,,,,,,,,,,,,,,,,
1999-12,0.685,,0.579,,0.646,,,,,,,,,,,,,,,,,
2000-01,0.698,,0.589,,0.654,,,,,,,,,,,,,,,,,
2000-02,0.726,,0.597,,0.659,,,,,,,,,,,,,,,,,
2000-03,0.769,,0.623,,0.678,,,,,,,,,,,,,,,,,
2000-04,0.804,,0.64,,0.708,,,,,,,,,,,,,,,,,
2000-05,0.859,,0.684,,0.754,,,,,,,,,,,,,,,,,
2000-06,0.817,,0.659,,0.726,,,,,,,,,,,,,,,,,
2000-07,0.803,,0.653,,0.728,,,,,,,,,,,,,,,,,
2000-08,0.84,,0.685,,0.737,,,,,,,,,,,,,,,,,
2000-09,0.876,,0.717,,0.765,,,,,,,,,,,,,,,,,
2000-10,0.874,,0.728,,0.762,,,,,,,,,,,,,,,,,
2000-11,0.759,,0.634,,0.688,,,,,,,,,,,,,,,,,
2000-12,0.705,,0.596,,0.642,,,,,,,,,,,,,,,,,
2001-01,0.761,,0.643,,0.687,,,,,,,,,,,,,,,,,
2001-02,0.768,,0.65,,0.695,,,,,,,,,,,,,,,,,
2001-03,0.773,,0.65,,0.692,,,,,,,,,,,,,,,,,
2001-04,0.754,,0.632,,0.675,,,,,,,,,,,,,,,,,
2001-05,0.685,,0.551,,0.622,,,,,,,,,,,,,,,,,
2001-06,0.66,,0.532,,0.597,,,,,,,,,,,,,,,,,
2001-07,0.652,,0.523,,0.604,,0.81,0.68,0.7,0.7,0.63,0.58,0.67,0.63,0.48,144.0,203.0,225.0,,,,
2001-08,0.627,,0.516,,0.58,,0.75,0.68,0.65,0.65,0.57,0.55,0.63,0.58,0.44,120.0,188.0,216.0,,,,
2001-09,0.602,,0.511,,0.558,,,,,,,,,,,,,,,,,
2001-10,0.607,,0.518,,0.56,,,,,,,,,,,,,,,,,13.95
2001-11,0.594,,0.511,,0.554,,0.81,0.69,0.74,0.68,0.6,0.57,0.65,0.6,0.47,134.0,195.0,223.0,,,,13.9905
2001-12,0.568,,0.475,,0.525,,0.72,0.62,0.71,0.59,0.58,0.54,0.54,0.56,0.42,117.0,167.0,186.0,,,,14.1
2002-01,0.552,,0.458,,0.51,,,,,,,,,,,,,,,,,14.4625
2002-02,0.562,,0.465,,0.512,,,,,,,,,,,,,,,,,14.6861
2002-03,0.564,,0.463,,0.509,,0.78,0.71,0.65,0.68,0.61,0.55,0.61,0.57,0.44,128.0,185.0,204.0,,,,15.1844
2002-04,0.551,,0.45,,0.498,,0.73,0.64,0.65,0.61,0.53,0.49,0.6,0.57,0.42,115.0,163.0,197.0,,,,16.2286
2002-05,0.529,,0.436,,0.475,,0.67,0.58,0.59,0.59,0.52,0.48,0.57,0.46,0.4,113.0,163.0,192.0,,,,16.8818
2002-06,0.534,,0.44,,0.474,,,,,,,,,,,,,,,,,17.7079
2002-07,0.553,,0.451,,0.485,,0.69,0.6,0.57,0.61,0.54,0.5,0.54,0.45,0.39,98.0,151.0,185.0,,,,22.3775
2002-08,0.572,,0.469,,0.513,,,,,,,,,,,,,,,,,26.4539
2002-09,0.598,,0.496,,0.529,,0.72,0.56,0.55,0.62,0.53,0.51,0.53,0.49,0.41,90.0,134.0,168.0,,,,28.7798
2002-10,0.601,,0.505,,0.531,,,,,,,,,,,,,,,,,26.9076
2002-11,0.597,,0.502,,0.533,,0.71,0.56,0.59,0.61,0.54,0.52,0.51,0.49,0.43,108.0,148.0,163.0,,,,27.0893
2002-12,0.576,,0.486,,0.518,,0.7,0.56,0.6,0.69,0.56,0.48,0.55,0.48,0.41,109.0,160.0,189.0,,,,27.1012
2003-01,0.58,1.086,0.488,0.982,0.522,1.009,,,,,,,,,,,,,,,,27.8869
2003-02,0.577,1.079,0.486,0.976,0.523,1.015,0.75,0.59,0.63,0.69,0.59,0.54,0.56,0.49,0.43,111.0,167.0,194.0,,,,28.3688
2003-03,0.6,1.116,0.506,1.02,0.547,1.053,,,,,,,,,,,,,,,,28.6382
2003-04,0.572,1.072,0.482,0.975,0.522,1.012,0.8,0.7,0.6,0.68,0.62,0.58,0.63,0.52,0.45,124.0,190.0,228.0,,,,28.7809
2003-05,0.56,1.062,0.466,0.953,0.511,1.006,0.75,0.63,0.64,0.66,0.61,0.53,0.61,0.55,0.45,122.0,172.0,214.0,,,,29.1286
2003-06,0.607,1.131,0.505,1.019,0.551,1.056,0.8,0.67,0.65,0.67,0.63,0.58,0.59,0.55,0.49,117.0,181.0,219.0,,,,26.775
2003-07,0.675,1.237,0.567,1.125,0.621,1.186,,,,,,,,,,,,,,,,27.0568
2003-08,0.801,1.458,0.669,1.325,0.736,1.389,0.88,0.77,0.84,0.79,0.74,0.75,0.7,0.61,0.6,148.0,191.0,237.0,,,,27.9075
2003-09,0.869,1.582,0.736,1.449,0.799,1.511,,,,,,,,,,,,,,,,27.8659
2003-10,0.925,1.687,0.786,1.552,0.853,1.636,0.89,0.81,0.77,0.79,0.74,0.76,0.72,0.67,0.62,130.0,160.0,221.0,,,,28.2576
2003-11,0.85,1.571,0.736,1.463,0.788,1.521,0.85,0.74,0.72,0.77,0.76,0.73,0.66,0.61,0.6,135.0,1497.0,212.0,,,,28.77
2003-12,0.831,1.547,0.719,1.432,0.772,1.487,0.91,0.78,0.8,0.82,0.78,0.73,0.74,0.69,0.64,140.0,227.0,244.0,,,,29.1318
2004-01,0.804,1.506,0.692,1.39,0.754,1.449,,,,,,,,,,,,,,,,29.3575
2004-02,0.804,1.506,0.682,1.377,0.745,1.43,0.95,0.83,0.79,0.69,0.82,0.73,0.78,0.66,0.63,145.0,220.0,241.0,,,,29.425
2004-03,0.802,1.51,0.679,1.385,0.751,1.444,0.88,0.75,0.76,0.79,0.76,0.72,0.7,0.59,0.57,126.0,194.0,231.0,,,,29.5424
2004-04,0.793,1.5,0.671,1.377,0.736,1.425,,,,,,,,,,,,,,,,29.525
2004-05,0.821,1.544,0.691,1.417,0.761,1.474,0.88,0.71,0.78,0.78,0.74,0.72,0.67,0.65,0.58,120.0,193.0,225.0,,,,29.6408
2004-06,0.843,1.588,0.701,1.435,0.782,1.503,0.9,0.79,0.81,0.87,0.85,0.83,0.76,0.69,0.62,129.0,205.0,234.0,,,,29.6048
2004-07,0.909,1.639,0.765,1.512,0.808,1.541,,,,,,,,,,,,,,,,29.3798
2004-08,0.95,1.717,0.791,1.548,0.852,1.604,1.0,0.83,0.83,0.91,0.83,0.8,0.77,0.71,0.66,138.0,231.0,259.0,,,,28.865
2004-09,0.938,1.698,0.799,1.55,0.852,1.593,1.02,0.82,0.77,0.89,0.84,0.82,0.76,0.72,0.68,148.0,232.0,255.0,,,,27.8048
2004-10,0.921,1.679,0.791,1.548,0.851,1.606,,,,,,,,,,,,,,,,26.9875
2004-11,0.912,1.675,0.779,1.536,0.833,1.576,,,,,,,,,,,,,,,,26.4643
2004-12,0.877,1.636,0.753,1.5,0.806,1.544,1.04,0.79,0.79,0.9,0.82,0.8,0.74,0.7,0.68,147.0,230.0,245.0,,,,26.4257
2005-01,0.849,1.601,0.728,1.472,0.781,1.518,,,,,,,,,,,,,,1.6250806386019576,0.9677400318588264,25.58
2005-02,0.85,1.598,0.725,1.466,0.792,1.513,1.05,0.89,0.89,0.9,0.84,0.83,0.79,0.74,0.68,154.0,224.0,248.0,,1.6012699940283226,0.9782949469004196,24.9083
2005-03,0.87,1.626,0.741,1.501,0.802,1.541,,,,,,,,,,,,,,1.6372948546921176,0.9946079197410538,25.5
2005-04,0.861,1.606,0.73,1.478,0.783,1.51,0.98,0.78,0.8,0.87,0.82,0.79,0.68,0.64,0.63,142.0,201.0,258.0,,1.633869073296398,0.9597057083026465,25.1875
2005-05,0.871,1.619,0.737,1.493,0.773,1.504,0.93,0.73,0.78,0.83,0.8,0.77,0.62,0.61,0.62,138.0,208.0,257.0,,1.6211436488881474,0.9535216457263824,24.4857
2005-06,0.906,1.669,0.761,1.527,0.81,1.544,,,,,,,,,,,,,,1.668174588508335,0.9955318694238058,24.1818
2005-07,0.941,1.713,0.794,1.567,0.836,1.582,1.02,0.81,0.82,0.87,0.83,0.84,0.72,0.67,0.67,151.0,222.0,250.0,,1.714565168527006,1.022825309084868,24.6125
2005-08,0.948,1.718,0.807,1.582,0.85,1.599,1.06,0.84,0.95,0.95,0.9,0.84,0.76,0.74,0.69,153.0,202.0,275.0,,1.7316664439914575,1.02506789173115,24.3523
2005-09,0.949,1.719,0.81,1.578,0.856,1.599,1.04,0.81,0.81,0.95,0.86,0.82,0.74,0.69,0.67,139.0,206.0,256.0,,1.7388551519936124,0.9622332693342,24.1002
2005-10,0.941,1.705,0.814,1.582,0.852,1.598,,,,,,,,,,,,,,1.726614437433798,0.9790346976248592,23.6425
2005-11,0.923,1.696,0.794,1.563,0.841,1.583,0.98,0.72,0.8,0.87,0.82,0.8,0.66,0.65,0.67,136.0,207.0,248.0,,1.714561145537785,0.9451723482104596,23.5524
2005-12,0.888,1.654,0.757,1.516,0.799,1.538,0.91,0.68,0.77,0.85,0.81,0.81,0.63,0.6,0.63,140.0,216.0,220.0,,1.682640310898856,0.9220083635751632,23.6523
2006-01,0.886,1.654,0.743,1.502,0.793,1.536,,,,,,,,,,,,,,1.6658934899347524,0.9471007030435856,24.2262
2006-02,0.923,1.707,0.781,1.556,0.826,1.582,1.02,0.78,0.86,0.9,0.85,0.84,0.72,0.7,0.67,157.0,216.0,237.0,,1.7062048610546774,0.9802377942027376,24.275
2006-03,0.916,1.708,0.773,1.556,0.825,1.592,1.02,0.74,0.82,0.86,0.84,0.81,0.68,0.66,0.65,152.0,190.0,255.0,,1.72625936933648,0.91420126777853,24.3196
2006-04,0.902,1.692,0.761,1.547,0.812,1.581,0.95,0.74,0.81,0.82,0.8,0.8,0.69,0.66,0.61,138.0,230.0,230.0,,1.71674176020123,0.8381496899294371,24.1857
2006-05,0.906,1.707,0.752,1.538,0.804,1.576,0.94,0.76,0.81,0.82,0.79,0.77,0.67,0.68,0.63,131.0,207.0,244.0,,1.71349613222202,0.8504169379330491,24.0262
2006-06,0.965,1.792,0.793,1.589,0.839,1.632,0.96,0.77,0.83,0.84,0.81,0.82,0.7,0.72,0.65,138.0,191.0,255.0,,1.764760108454885,0.8775135966169325,23.9095
2006-07,1.066,1.936,0.886,1.749,0.937,1.779,1.07,0.89,0.86,0.92,0.89,0.89,0.78,0.75,0.71,145.0,213.0,268.0,,1.900630411256036,0.9209500269400438,23.9738
2006-08,1.096,1.986,0.926,1.816,0.984,1.853,1.19,1.0,0.97,1.08,0.97,0.92,0.87,0.8,0.77,165.0,262.0,304.0,,2.0011267672696174,0.979821611446404,24.0136
2006-09,1.065,1.93,0.912,1.777,0.965,1.832,1.07,0.86,0.89,1.02,0.93,0.91,0.83,0.81,0.74,155.0,232.0,288.0,,1.964312435323964,0.916560566519976,23.9738
2006-10,1.065,1.935,0.915,1.786,0.967,1.826,1.14,0.88,0.93,1.08,1.01,0.96,0.84,0.82,0.8,163.0,216.0,268.0,,1.9423863179399128,0.9135990017878828,23.9143
2006-11,1.031,1.904,0.89,1.763,0.94,1.797,1.2,0.89,1.03,1.08,1.05,0.91,0.87,0.83,0.81,175.0,226.0,284.0,,1.94455089431692,0.9166306075703828,24.116
2006-12,0.982,1.833,0.848,1.694,0.903,1.74,1.11,0.86,0.99,1.02,0.92,0.85,0.81,0.79,0.78,181.0,236.0,313.0,,1.8653874004191455,0.936731107557702,24.4675
2007-01,0.997,1.856,0.855,1.709,0.894,1.727,,,,,,,,,,,,,625.0,1.857780439632775,0.9220618433331564,24.4727
2007-02,1.004,1.885,0.852,1.715,0.903,1.762,1.34,1.0,1.08,1.13,1.04,1.01,0.92,0.85,0.81,208.0,284.0,332.0,626.0,1.8902401144975625,0.9747190569529848,24.35
2007-03,1.05,1.957,0.872,1.758,0.954,1.848,1.39,1.16,1.12,1.21,1.11,1.0,1.0,0.93,0.85,219.0,286.0,353.0,634.0,1.948869897499814,0.9758570994385736,24.3545
2007-04,1.073,2.006,0.892,1.797,0.951,1.853,1.31,1.04,1.18,1.13,1.09,1.06,0.94,0.92,0.85,203.0,288.0,350.0,648.0,2.012131078534928,0.984890868350286,24.1267
2007-05,1.07,2.015,0.897,1.812,0.955,1.87,1.27,0.98,1.05,1.1,0.99,0.95,0.89,0.8,0.79,230.0,300.0,357.0,665.0,2.032915538222155,0.9890610856785949,24.0333
2007-06,1.078,2.026,0.894,1.813,0.961,1.868,1.25,0.94,1.04,1.15,0.99,0.97,0.9,0.87,0.79,195.0,324.0,350.0,678.0,2.037383562827148,0.9977044068158044,23.9525
2007-07,1.156,2.147,0.952,1.914,1.021,1.961,,,,,,,,,,,,,689.0,2.1187880762743574,1.03296274281513,23.8286
2007-08,1.197,2.202,0.993,1.972,1.086,2.063,1.4,1.12,1.2,1.19,1.11,1.03,1.03,0.96,0.86,219.0,280.0,347.0,695.0,2.21249341524985,1.056279905468585,23.5913
2007-09,1.253,2.264,1.049,2.044,1.142,2.145,1.49,1.26,1.36,1.36,1.25,1.17,1.15,1.08,0.98,243.0,360.0,387.0,703.0,2.251752168281228,1.037235801596242,23.1288
2007-10,1.251,2.273,1.061,2.062,1.166,2.193,1.47,1.18,1.23,1.29,1.18,1.19,1.11,1.04,1.0,240.0,342.0,402.0,724.0,2.3229056467031177,1.0149802593903108,22.231
2007-11,1.162,2.15,0.985,1.951,1.076,2.03,1.4,1.12,1.23,1.19,1.13,1.05,1.07,1.07,0.94,224.0,365.0,370.0,740.0,2.2145882975901774,0.9487337678894564,21.9357
2007-12,1.115,2.098,0.943,1.91,1.027,1.975,1.24,1.0,1.09,1.3,1.08,0.96,0.97,0.86,0.88,214.0,326.0,384.0,747.0,2.130705536899296,0.8585326437826263,21.6671
2008-01,1.115,2.104,0.944,1.919,1.033,1.994,,,,,,,,,,,,,763.0,2.1129960351335724,0.8486724952696907,21.2136
2008-02,1.226,2.307,1.036,2.086,1.118,2.148,1.61,1.19,1.24,1.2,1.18,0.97,1.13,1.13,1.33,234.0,306.0,402.0,810.0,2.2244640051303226,0.8354692999859803,20.9868
2008-03,1.315,2.462,1.093,2.217,1.184,2.289,1.61,1.24,1.29,1.33,1.21,1.18,1.08,1.04,1.0,248.0,367.0,406.0,852.0,2.42579824332187,0.8432619428301035,20.6906
2008-04,1.343,2.562,1.113,2.277,1.197,2.344,1.4,1.09,1.18,1.18,1.13,1.14,1.02,0.93,0.92,219.0,358.0,380.0,927.0,2.5569728004097176,0.794768852192277,19.95
2008-05,1.332,2.564,1.096,2.274,1.175,2.35,1.28,0.96,1.04,1.13,1.14,1.08,0.89,0.84,0.88,213.0,330.0,350.0,997.0,2.589376395831076,0.7234160104649494,19.8952
2008-06,1.503,2.824,1.187,2.45,1.276,2.545,,,,,,,,,,,,,1035.0,2.744342314041745,0.749886821104523,19.4825
2008-07,1.75,3.229,1.373,2.782,1.505,2.926,1.64,1.23,1.34,1.55,1.57,1.49,1.22,1.23,1.12,246.0,390.0,424.0,1084.0,3.141416664999015,0.8360094359685173,19.2591
2008-08,2.006,3.659,1.584,3.141,1.721,3.29,1.84,1.43,1.56,1.79,1.8,1.67,1.37,1.41,1.2,227.0,353.0,459.0,1107.0,3.55126543769281,0.8967948136858951,19.2368
2008-09,1.906,3.487,1.529,3.015,1.682,3.234,1.86,1.29,1.4,1.73,1.63,1.56,1.26,1.21,1.11,221.0,317.0,420.0,1110.0,3.61155558424485,0.8584707484764708,20.4119
2008-10,1.497,2.747,1.211,2.356,1.355,2.653,1.37,1.02,1.18,1.25,1.28,1.15,0.92,0.95,0.86,193.0,280.0,355.0,1091.0,3.11195372525276,0.8290564465976793,22.3739
2008-11,1.089,2.039,0.847,1.698,0.925,1.842,1.06,0.79,0.87,0.98,0.95,0.93,0.72,0.68,0.72,161.0,208.0,300.0,967.0,2.2681232214816043,0.7437420689211963,23.6962
2008-12,0.963,1.826,0.734,1.494,0.811,1.608,0.95,0.65,0.71,0.81,0.82,0.77,0.62,0.6,0.57,120.0,202.0,195.0,846.0,1.87009312318703,0.7636333739216462,24.4295
2009-01,1.013,1.929,0.761,1.556,0.849,1.662,,,,,,,,,,,,,738.0,1.910977323350864,0.8058965695825485,23.3163
2009-02,1.06,1.987,0.808,1.63,0.915,1.781,1.08,0.88,0.89,0.89,0.84,0.89,0.7,0.68,0.6,139.0,231.0,261.0,707.0,1.987209280876715,0.8120438927600825,23.2597
2009-03,1.124,2.089,0.905,1.828,1.002,1.926,1.18,0.92,0.94,1.03,1.01,0.97,0.83,0.86,0.79,153.0,260.0,286.0,705.0,2.102117137449965,0.850295930853099,23.9568
2009-04,1.086,2.048,0.875,1.795,0.957,1.896,1.08,0.75,0.79,0.96,0.9,0.91,0.69,0.66,0.66,144.0,222.0,291.0,745.0,2.09002653275694,0.8185555702717038,23.9941
2009-05,1.05,2.007,0.818,1.723,0.904,1.813,1.15,0.8,0.84,1.02,1.0,1.04,0.77,0.8,0.67,152.0,253.0,276.0,764.0,2.023078166305754,0.8072921142532341,23.7053
2009-06,1.121,2.118,0.878,1.823,0.964,1.917,1.14,0.78,0.87,1.06,1.03,0.97,0.75,0.76,0.68,155.0,242.0,286.0,759.0,2.083603062935845,0.8617771848354112,23.375
2009-07,1.168,2.18,0.935,1.887,1.015,1.983,1.38,1.08,1.07,1.13,1.06,1.05,0.9,0.84,0.72,198.0,222.0,295.0,768.0,2.155418547198615,0.8561232912988598,23.3932
2009-08,1.215,2.244,0.982,1.936,1.071,2.051,1.32,0.96,1.01,1.18,1.09,1.03,0.93,0.88,0.77,189.0,304.0,304.0,791.0,2.228410487875564,0.904516905840795,22.8625
2009-09,1.21,2.228,0.997,1.952,1.092,2.087,1.31,1.0,0.94,1.19,1.17,1.1,0.95,0.94,0.78,157.0,274.0,298.0,790.0,2.2292703103974474,0.8981579528644628,21.9227
2009-10,1.221,2.255,1.022,2.014,1.107,2.103,1.3,0.96,0.99,1.22,1.19,1.11,0.91,0.89,0.87,170.0,247.0,325.0,798.0,2.247466472983918,0.9369416079620912,20.7905
2009-11,1.19,2.222,0.989,1.979,1.08,2.091,1.29,0.89,1.02,1.16,1.12,1.14,1.16,1.12,0.84,199.0,300.0,329.0,803.0,2.2382111326848824,0.8692254350831478,20.4562
2009-12,1.179,2.222,0.978,1.987,1.056,2.059,1.39,1.04,1.18,1.28,1.23,1.18,1.03,1.02,0.94,224.0,321.0,352.0,793.0,2.208975847428175,0.8353531911347047,19.7136
2010-01,1.242,2.349,1.048,2.128,1.122,2.18,,,,,,,,,,,,,815.0,2.301063063117012,0.9274323833601784,19.5778
2010-02,1.309,2.482,1.103,2.255,1.168,2.295,1.68,1.38,1.43,1.52,1.38,1.31,1.24,1.21,1.05,269.0,362.0,419.0,839.0,2.441191895523525,0.915663029683009,19.7706
2010-03,1.339,2.559,1.13,2.326,1.197,2.368,1.69,1.34,1.4,1.43,1.33,1.24,1.19,1.18,1.02,277.0,345.0,405.0,861.0,2.5570734341853174,0.9047729049835852,19.6083
2010-04,1.353,2.622,1.136,2.374,1.203,2.422,1.82,1.36,1.45,1.46,1.4,1.26,1.22,1.24,1.08,281.0,383.0,479.0,892.0,2.5757446427703723,0.8945441039441033,19.3417
2010-05,1.418,2.752,1.179,2.471,1.25,2.528,1.75,1.4,1.47,1.58,1.42,1.39,1.34,1.25,1.1,271.0,274.0,454.0,906.0,2.708203807203436,0.8986264719402584,19.2368
2010-06,1.447,2.771,1.201,2.506,1.323,2.612,1.75,1.41,1.55,1.58,1.48,1.41,1.31,1.31,1.12,301.0,381.0,460.0,911.0,2.7529984958251523,0.918501145848609,20.4714
2010-07,1.683,3.17,1.426,2.914,1.586,3.056,1.91,1.41,1.65,1.78,1.66,1.55,1.5,1.49,1.28,304.0,484.0,493.0,918.0,3.035958776775568,1.008299252748006,21.0644
2010-08,1.764,3.29,1.474,2.969,1.62,3.107,1.95,1.61,1.61,1.75,1.65,1.58,1.48,1.38,1.2,290.0,416.0,516.0,920.0,3.30678547532926,1.063340356768805,20.8429
2010-09,1.716,3.162,1.483,2.927,1.594,3.036,1.97,1.63,1.69,1.8,1.63,1.56,1.59,1.5,1.25,309.0,423.0,484.0,947.0,3.190626751413215,1.0010232257709526,20.5523
2010-10,1.716,3.17,1.512,3.016,1.602,3.077,2.01,1.7,1.79,1.76,1.65,1.6,1.6,1.49,1.33,301.0,320.0,503.0,984.0,3.173634404274864,0.998878088622982,20.2162
2010-11,1.639,3.077,1.439,2.919,1.548,2.999,1.815,1.475,1.625,1.59,1.48,1.43,1.38,1.315,1.1949999999999998,281.5,406.5,458.0,1056.0,3.1079490855878475,0.85422173647878,19.9452
2010-12,1.582,3.021,1.381,2.86,1.487,2.942,1.8,1.43,1.53,1.58,1.42,1.28,1.46,1.25,1.18,270.0,368.0,456.0,1099.0,3.024728776762995,0.7642742736990662,19.9315
2011-01,1.655,3.174,1.448,3.002,1.545,3.06,,,,,,,,,,,,,1107.0,3.10207610433648,0.8469808025263992,19.84
2011-02,1.827,3.463,1.576,3.26,1.668,3.295,2.58,1.93,2.225,2.115,1.8,1.715,1.86,1.74,1.52,392.0,526.0,607.0,1139.0,3.33681505722526,0.9196168742627284,19.57
2011-03,2.084,3.989,1.789,3.702,1.896,3.794,,,,,,,,,,,,,1199.0,3.889319250205343,0.9902326870060878,19.306
2011-04,2.094,4.01,1.793,3.734,1.896,3.812,2.59,2.05,2.11,2.18,1.96,1.82,1.85,1.74,1.57,391.0,567.0,679.0,1219.0,3.988477357833,0.9915018382851296,18.9953
2011-05,2.144,4.113,1.835,3.823,1.949,3.895,2.565,2.1100000000000003,2.1950000000000003,2.18,1.965,1.93,1.96,1.86,1.6749999999999998,429.5,599.5,781.0,1224.0,4.083720869181818,0.9765995956258616,18.8357
2011-06,2.129,4.001,1.825,3.736,1.959,3.833,2.46,2.13,2.21,2.12,1.89,1.83,1.87,1.78,1.58,400.0,615.0,694.0,1227.0,4.079848620735338,1.007610736363225,18.4909
2011-07,2.088,3.874,1.82,3.625,1.93,3.717,2.4,2.15,,2.06,1.89,1.76,1.85,1.72,1.56,357.0,473.0,357.0,1253.0,3.907795557601162,0.97267504628213,18.4262
2011-08,2.096,3.863,1.828,3.591,1.942,3.685,2.6,2.15,2.24,1.17,2.07,1.9,2.06,2.03,1.6,353.0,681.0,680.0,1219.0,3.8534299355787023,0.958543636768638,18.7341
2011-09,2.103,3.851,1.867,3.644,1.946,3.702,2.66,2.3,2.44,2.18,2.08,1.93,2.14,2.09,1.69,413.0,573.0,743.0,1220.0,3.882472232851545,0.9878645762830548,19.5193
2011-10,2.016,3.702,1.778,3.491,1.857,3.55,2.48,2.04,2.11,2.05,1.88,1.81,1.91,1.78,1.54,388.0,,627.0,1210.0,3.74573171345977,0.9730474903441731,19.9325
2011-11,2.016,3.742,1.772,3.551,1.852,3.601,2.33,2.055,2.075,2.035,1.925,1.84,1.89,1.76,1.675,395.0,558.0,692.5,1221.0,3.72362382052602,0.8966026303061665,19.8762
2011-12,1.918,3.619,1.675,3.412,1.758,3.481,2.28,1.91,1.97,2.04,1.86,1.77,1.78,1.7,1.54,400.0,524.0,643.0,1198.0,3.667922691918048,0.9045559799782208,19.95
2012-01,1.887,3.584,1.637,3.367,1.724,3.437,,,,,,,,,,,,,1184.0,3.5843447436480678,0.943946214134707,19.6214
2012-02,1.931,3.635,1.665,3.403,1.768,3.492,2.53,2.0,2.2,2.19,1.91,1.84,1.96,1.79,1.55,392.0,552.0,692.0,1190.0,3.593205439564,0.9154102068771012,19.4368
2012-03,2.023,3.803,1.762,3.584,1.847,3.634,2.67,2.18,2.36,2.32,2.14,2.95,2.03,1.9,1.65,402.0,570.0,690.0,1212.0,3.762503881069062,0.9677511467927608,19.5205
2012-04,1.973,3.75,1.73,3.546,1.814,3.612,2.57,2.21,2.33,2.21,1.94,1.82,2.01,1.88,1.57,433.0,570.0,747.0,1182.0,3.782551457742245,0.9822190605825376,19.7083
2012-05,1.918,3.668,1.685,3.475,1.784,3.55,2.45,2.1100000000000003,2.23,2.02,1.845,1.755,1.86,1.715,1.48,401.5,601.0,672.5,1154.0,3.69825498847427,0.9760599421398644,20.2107
2012-06,1.85,3.499,1.6,3.276,1.694,3.338,2.37,2.09,2.16,1.95,1.83,1.75,1.97,1.62,1.54,386.0,500.0,723.0,1122.0,3.5393371363391504,0.9491087585503072,21.6562
2012-07,1.875,3.498,1.648,3.307,1.764,3.39,2.45,2.13,2.28,2.13,1.8,1.77,1.92,1.82,1.55,376.0,526.0,699.0,1136.0,3.5008355644875078,0.9525799470507056,21.8012
2012-08,1.962,3.631,1.712,3.385,1.825,3.485,2.65,2.25,2.35,2.08,1.89,1.86,1.98,1.8,1.57,379.0,,703.0,1156.0,3.5519611003725924,0.952475775845122,21.3011
2012-09,2.045,3.771,1.808,3.543,1.905,3.62,2.72,2.27,2.48,2.12,2.03,1.84,2.01,,1.67,433.0,,810.0,1168.0,3.7372200605087422,0.9894488295164996,21.205
2012-10,2.085,3.856,1.826,3.607,1.941,3.698,2.465,2.135,2.25,2.085,1.9,1.75,2.06,1.795,1.62,398.5,558.0,712.0,1202.0,3.843873437909815,0.9659366447933062,20.0932
2012-11,2.028,3.799,1.771,3.564,1.872,3.634,2.39,1.99,1.98,1.94,1.81,1.74,1.87,1.77,1.56,442.0,553.0,729.0,1214.0,3.831441926676775,0.965903639392267,19.7679
2012-12,1.985,3.754,1.724,3.506,1.827,3.587,2.31,1.97,2.09,1.95,1.8,1.72,1.83,1.72,1.61,449.0,,690.0,1181.0,3.760323675315354,0.981493869405324,19.3179
2013-01,2.031,3.841,1.781,3.62,1.882,3.685,,,,,,,,,,,,,1205.0,3.819162034350985,1.0195278640703118,19.32
2013-02,2.044,3.873,1.784,3.64,1.894,3.722,2.48,2.15,2.22,2.1,1.93,,2.03,1.89,1.65,431.0,597.0,728.0,1217.0,3.846855619375547,0.974234871670128,19.1083
2013-03,2.056,3.904,1.785,3.659,1.893,3.738,2.68,2.15,2.18,2.2,1.92,1.84,1.97,1.89,1.64,440.0,552.0,710.0,1214.0,3.910579293789522,1.0301937486034354,19.0018
2013-04,2.0149,3.8569,1.763,3.637,1.875,3.726,2.48,2.135,2.1500000000000004,2.0700000000000003,1.88,1.815,1.92,1.835,1.585,432.0,570.0,735.0,1200.0,3.849513543668493,1.0286958619741724,18.9658
2013-05,1.9912,3.8028,1.737,3.581,1.837,3.672,2.5,2.02,2.15,2.0,1.81,1.72,1.87,1.75,1.57,423.0,550.0,691.0,1186.0,3.8429625554116233,1.016524649695744,19.2662
2013-06,1.935,3.641,1.675,3.388,1.807,3.502,2.455,2.04,2.1100000000000003,1.91,1.78,1.7,1.8,1.67,1.44,375.5,,659.5,1155.0,3.700151440175118,1.046960958783324,20.6333
2013-07,1.97,3.657,1.701,3.384,1.808,3.479,2.41,2.03,2.06,2.05,1.83,,1.84,1.65,1.52,388.0,,701.0,1163.0,3.6252354835676224,0.9960968962054684,21.0548
2013-08,2.014,3.709,1.751,3.451,1.876,3.563,2.41,2.05,2.13,2.09,1.92,1.9,1.96,1.82,1.57,361.0,580.0,662.0,1199.0,3.7152218265037273,1.0053101448603292,21.8524
2013-09,1.934,3.551,1.668,3.265,1.791,3.394,2.28,2.05,2.04,1.99,1.84,1.77,1.85,1.75,1.48,357.0,579.0,642.0,1177.0,3.578399200580818,0.9244250656514196,22.119
2013-10,1.924,3.535,1.669,3.281,1.792,3.391,2.15,1.92,1.975,1.91,1.805,1.715,1.785,1.665,1.48,350.5,266.5,601.5,1194.0,3.5354616118035724,0.9743197525755752,21.6098
2013-11,1.848,3.422,1.589,3.169,1.697,3.248,2.09,1.93,1.87,1.85,1.81,,1.81,1.66,1.47,368.0,,619.0,1222.0,3.460839139292662,0.9020783235572905,21.3214
2013-12,1.803,3.39,1.561,3.16,1.654,3.213,2.03,1.8,1.96,1.86,1.68,1.58,1.69,1.65,1.46,370.0,845.0,577.0,1218.0,3.4005732629868177,0.8579056420519525,21.3274
2014-01,1.797,3.375,1.522,3.097,1.628,3.181,,,,,,,,,,,,,1211.0,3.3543947745623752,0.8476634411181003,21.6321
2014-02,1.805,3.409,1.558,3.162,1.667,3.24,2.25,1.86,1.97,1.91,1.77,1.65,1.82,1.75,1.48,376.0,511.0,605.0,1207.0,3.400189827020985,0.876752921186832,22.3425
2014-03,1.768,3.368,1.499,3.076,1.639,3.207,2.16,1.88,1.99,1.93,1.71,1.61,1.7,1.68,1.37,370.0,496.0,614.0,1210.0,3.393968552747625,0.8775181734137671,22.6
2014-04,1.729,3.312,1.392,2.88,1.571,3.104,2.08,1.85,1.885,1.74,1.625,1.6,1.7,1.57,1.29,374.0,532.5,626.5,1230.0,3.31978218816473,0.8450897827904326,22.8103
2014-05,1.74,3.345,1.392,2.887,1.546,3.067,1.97,1.79,1.78,1.74,1.63,1.54,1.62,1.58,1.29,343.0,490.0,609.0,1225.0,3.3341524302157337,0.832846401979487,22.9774
2014-06,1.7658,3.368,1.398,2.893,1.56,3.075,2.03,1.7,1.81,1.77,1.62,1.56,1.54,1.54,1.19,327.0,480.0,606.0,1227.0,3.3555905494883524,0.8380273775647444,22.9075
2014-07,1.914,3.577,1.553,3.132,1.709,3.303,2.12,1.81,1.94,1.8,1.66,1.68,1.72,1.53,1.32,350.0,470.0,596.0,1242.0,3.49378419927013,0.885600780055946,22.9659
2014-08,1.996,3.686,1.671,3.322,1.799,3.45,2.24,1.81,1.91,1.89,1.74,1.68,1.67,1.52,1.33,368.0,494.0,620.0,1262.0,3.669009512971374,0.9096122185539915,23.6737
2014-09,2.024,3.724,1.725,3.404,1.851,3.539,2.12,1.82,1.75,2.04,1.79,,1.64,1.52,1.36,334.0,423.0,576.0,1290.0,3.715646141798085,0.8899709841654445,24.2739
2014-10,1.99,3.689,1.699,3.387,1.835,3.52,2.13,1.79,1.93,1.97,1.79,,1.73,1.62,1.43,357.0,,592.0,1337.0,3.71781290157348,0.8839095839936317,24.2935
2014-11,1.911,3.597,1.638,3.319,1.756,3.427,2.03,1.74,1.76,1.86,1.76,1.66,1.64,1.56,1.42,354.0,596.0,595.0,1315.0,3.621791849212302,0.8431283343316729,23.9475
2014-12,1.901,3.604,1.606,3.291,1.746,3.437,2.03,1.71,1.73,1.85,1.72,1.7,1.64,1.65,1.48,354.0,510.0,634.0,1281.0,3.6129338273505898,0.8823755301564322,24.0682
2015-01,1.858,3.518,1.557,3.19,1.712,3.354,,,,,,,,,,,,,1245.0,3.542237305744238,0.877036757696394,24.4412
2015-02,1.792,3.418,1.492,3.073,1.618,3.203,2.12,1.72,1.86,1.87,1.74,1.72,1.68,1.6,1.38,375.0,539.0,607.0,1235.0,3.4351012383463027,0.8672925405084225,24.5583
2015-03,1.76,3.37,1.416,2.934,1.592,3.149,2.035,1.6749999999999998,1.765,1.765,1.64,1.56,1.585,1.51,1.245,434.0,424.0,435.0,1185.0,3.40143340612059,0.87440196029278,25.255
2015-04,1.675,3.246,1.319,2.781,1.495,3.004,1.93,1.6,1.69,1.74,1.59,1.56,1.48,1.38,1.13,324.0,431.0,561.0,1182.0,3.2756123568696047,0.864273548031776,26.3539
2015-05,1.731,3.361,1.357,2.87,1.595,3.179,1.99,1.635,1.735,1.785,1.6,1.51,1.515,1.485,1.1949999999999998,320.0,410.0,516.5,1159.0,3.308260426799618,0.8799523230446911,26.6483
2015-06,1.799,3.435,1.423,2.961,1.632,3.208,1.99,1.69,1.69,1.75,1.63,1.56,1.55,1.47,1.19,294.0,,518.0,1150.0,3.4228894003443124,0.942715686682688,26.8
2015-07,1.947,3.633,1.559,3.176,1.736,3.359,2.07,1.71,1.77,1.83,1.75,1.66,1.64,1.56,1.28,320.0,450.0,544.0,1187.0,3.525249696240545,0.9374844690348756,27.7375
2015-08,2.084,3.846,1.701,3.4,1.877,3.576,2.32,1.9,1.98,1.96,1.88,1.66,1.76,1.72,1.38,338.0,,577.0,1179.0,3.799842488845332,0.9884625302576346,28.4515
2015-09,1.973,3.638,1.645,3.258,1.812,3.434,2.3,1.92,1.96,2.05,1.82,1.71,1.76,1.68,1.36,341.0,,566.0,1169.0,3.7220232569348974,0.981051811816331,28.7762
2015-10,1.91,3.525,1.587,3.145,1.736,3.303,2.19,1.745,1.895,1.94,1.81,1.615,1.65,1.515,1.33,331.0,410.0,553.0,1171.0,3.534777847203054,0.95640330982129,29.2855
2015-11,1.884,3.514,1.556,3.122,1.721,3.313,2.11,1.71,1.91,1.99,1.77,1.78,1.64,1.58,1.33,347.0,403.0,541.0,1168.0,3.5383957139522875,0.9548931542365272,29.4722
2015-12,1.749,3.312,1.426,2.896,1.566,3.049,2.03,1.71,1.76,1.85,1.72,1.55,1.57,1.42,1.29,326.0,494.0,516.0,1147.0,3.365317866855305,0.9162328314250644,29.7083
2016-01,1.771,3.335,1.412,2.885,1.605,3.139,,,,,,,,,,,,,1147.0,3.333057317562466,0.9113825784756396,30.6917
2016-02,1.65,3.144,1.324,2.732,1.509,2.967,2.15,1.78,1.86,1.81,1.65,1.55,1.59,1.49,1.23,338.0,384.0,551.0,1093.0,3.1836012854976974,0.8998912584336932,31.6342
2016-03,1.653,3.148,1.31,2.702,1.577,3.059,2.216666666666667,1.8733333333333333,2.005,1.8533333333333333,1.653333333333333,1.5566666666666666,1.6033333333333335,1.475,1.2533333333333332,332.0,474.5,574.0,1089.0,3.153212657146715,0.9138740852499356,32.1597
2016-04,1.599,3.038,1.24,2.555,1.484,2.912,2.145,1.725,1.765,1.755,1.565,1.47,1.5750000000000002,1.395,1.125,329.0,522.5,557.0,1070.0,3.083296969427746,0.940956198151941,31.5262
2016-05,1.554,2.966,1.219,2.521,1.46,2.838,2.055,1.67,1.715,1.7,1.515,1.45,1.42,1.3650000000000002,1.135,317.0,418.0,532.0,1089.0,2.94192011584747,0.8890188003750913,31.4107
2016-06,1.607,3.069,1.268,2.609,1.547,2.998,1.97,1.56,1.64,1.77,1.55,1.41,1.39,1.29,1.11,312.0,449.0,554.0,1112.0,3.0449289160916875,0.9070281556655208,30.7659
2016-07,1.701,3.182,1.339,2.702,1.579,3.029,2.04,1.66,1.74,1.73,1.58,1.51,1.4,1.24,1.1,325.0,418.0,507.0,1116.0,3.135448846437528,0.9117094759062132,30.0738
2016-08,1.818,3.357,1.477,2.921,1.677,3.187,2.31,1.74,1.84,1.88,1.71,1.56,1.51,1.32,1.19,321.0,,546.0,1118.0,3.331168657774535,0.9856433321241802,28.8852
2016-09,1.762,3.24,1.422,2.789,1.634,3.084,2.16,1.69,1.68,1.79,1.67,1.46,1.5,1.34,1.17,336.0,401.0,562.0,1104.0,3.285205479380715,0.9591065279720644,28.7616
2016-10,1.711,3.147,1.387,2.741,1.602,3.021,2.12,1.6549999999999998,1.72,1.79,1.58,1.485,1.515,1.405,1.1949999999999998,317.5,428.0,526.0,1115.0,3.187730309794876,0.9437512084191828,28.091
2016-11,1.66,3.09,1.372,2.751,1.564,3.003,2.02,1.65,1.82,1.76,1.62,1.48,1.52,1.44,1.22,341.0,424.0,532.0,1083.0,3.0915429315277625,0.9235838208618488,28.6321
2016-12,1.623,3.052,1.295,2.63,1.561,2.998,2.05,1.56,1.75,1.63,1.47,1.38,1.5,1.4,1.2,323.0,413.0,521.0,1097.0,3.069605587666238,0.9157671749484876,28.7541
2017-01,1.671,3.096,1.337,2.678,1.652,3.107,,,,,,,,,,,,,1095.0,3.0966483315399627,0.9182415573653138,28.5686
2017-02,1.644,3.068,1.336,2.683,1.536,2.956,2.14,1.56,1.7,1.76,1.57,1.48,1.51,1.4,1.26,347.0,450.0,551.0,1096.0,3.059315892020348,0.8940088822545312,28.405
2017-03,1.653,3.057,1.306,2.636,1.624,2.955,2.16,1.6949999999999998,1.82,1.76,1.54,1.45,1.545,1.39,1.21,344.5,442.0,581.5,1098.0,3.093881681414945,0.900832917083985,28.4074
2017-04,1.616,3.02,1.265,2.584,1.567,2.988,2.13,1.68,1.97,1.69,1.54,1.37,1.55,1.36,1.2,340.0,450.0,580.0,1101.0,3.0089109187914,0.8845356450835655,28.4043
2017-05,1.582,2.987,1.279,2.629,1.543,2.973,1.63,1.69,1.85,1.71,1.535,1.52,1.545,1.39,1.22,334.5,568.5,549.0,1073.0,2.9771848055025174,0.8978017918758118,28.1121
2017-06,1.652,3.091,1.341,2.72,1.639,3.093,2.19,1.73,1.77,1.75,1.55,1.51,1.48,1.44,1.2,326.0,,550.0,1075.0,3.05779690326824,0.908882626149474,28.3602
2017-07,1.757,3.239,1.469,2.91,1.694,3.18,2.15,1.9,1.83,1.86,1.67,1.58,1.71,1.52,1.28,334.0,431.0,587.0,1108.0,3.179527325148108,0.9485138356086672,28.65
2017-08,1.795,3.279,1.5133,2.959,1.726,3.214,2.24,1.92,1.97,1.9,1.69,1.55,1.75,1.57,1.35,357.0,,607.0,1110.0,3.295443304903288,0.9545337385065032,28.6345
2017-09,1.764,3.2,1.476,2.873,1.669,3.102,2.18,2.01,2.13,1.85,1.7,1.54,1.86,1.51,1.34,340.0,482.0,613.0,1132.0,3.218173783462608,0.8857839887027396,28.8767
2017-10,1.752,3.19,1.503,2.937,1.647,3.095,2.1900000000000004,1.93,1.975,1.83,1.665,1.525,1.71,1.62,1.34,352.5,492.0,572.5,1108.0,3.179969226626635,0.91690612955425,29.274
2017-11,1.736,3.188,1.47,2.915,1.65,3.123,2.11,1.84,1.84,1.73,1.61,,1.71,1.64,1.25,355.0,555.0,557.0,1121.0,3.2049224225732424,0.9299816890260586,29.2098
2017-12,1.652,3.089,1.356,2.743,1.615,3.065,1.97,1.68,1.87,1.7,1.54,1.42,1.58,1.52,1.2,321.0,490.0,539.0,1131.0,3.115668318219242,0.8617288043939613,28.8562
2018-01,1.662,3.122,1.41,2.851,1.587,3.059,,,,,,,,,,,,,1089.0,3.089802030690983,0.884211366659844,28.5414
2018-02,1.757,3.292,1.453,2.957,1.745,3.304,2.17,1.83,2.17,1.81,1.64,1.54,1.68,1.49,1.23,356.0,457.0,575.0,1132.0,3.22990381013591,0.9328520797103974,28.475
2018-03,1.736,3.269,1.429,2.939,1.678,3.237,2.17,1.87,1.82,1.72,1.58,1.46,1.6,1.47,1.14,338.0,420.0,538.0,1149.0,3.288695462123146,0.913208285807248,28.3765
2018-04,1.742,3.282,1.462,2.988,1.669,3.223,2.16,1.78,1.91,1.725,1.565,1.545,1.61,1.46,1.245,309.0,464.0,536.0,1121.0,3.243625550368865,0.925394806654,28.283
2018-05,1.905,3.527,1.565,3.184,1.832,3.47,2.29,1.82,2.04,1.85,1.68,1.54,1.72,1.6,1.36,334.0,,612.0,1144.0,3.46320809187523,0.971628256754027,30.4829
2018-06,1.903,3.517,1.578,3.184,1.816,3.431,2.25,1.91,2.03,1.82,1.73,1.61,1.71,1.58,1.28,336.0,453.0,601.0,1182.0,3.530724539513782,0.9304977881733544,31.364
2018-07,1.924,3.519,1.624,3.197,1.807,3.409,2.14,1.73,1.81,1.81,1.68,1.63,1.63,1.53,1.31,320.0,489.0,580.0,1143.0,3.5023170440725275,0.964210578485597,31.1819
2018-08,2.01,3.629,1.66,3.237,1.875,3.495,2.1,1.79,1.86,1.8,1.75,1.68,1.64,1.52,1.4,340.0,508.0,592.0,1118.0,3.605921664643615,1.0196304784331665,31.2765
2018-09,1.922,3.46,1.604,3.099,1.835,3.393,1.97,1.71,1.83,1.76,1.7,1.78,1.59,1.56,1.33,319.0,420.0,583.0,1145.0,3.5364076813500063,0.9776358146531834,32.8455
2018-10,1.856,3.379,1.609,3.13,1.719,3.245,2.18,1.805,1.865,1.895,1.73,1.715,1.725,1.645,1.43,351.0,,559.0,1045.0,3.363835200952995,1.0073328223148186,32.9118
2018-11,1.875,3.437,1.565,3.112,1.795,3.375,1.89,1.73,1.87,1.86,1.73,1.71,1.68,1.62,1.46,366.0,432.0,603.0,1094.0,3.4252082956852776,1.0370181008448125,32.5567
2018-12,1.793,3.308,1.465,2.924,1.686,3.206,2.06,1.83,1.85,1.86,1.77,1.63,1.8,1.63,1.38,365.0,475.0,595.0,1110.0,3.361671549627168,0.9645165404990652,32.1953
2019-01,1.796,3.334,1.548,3.088,1.725,3.264,,,,,,,,,,,,,1078.0,3.2928400451680577,0.9844746580068238,32.5832
2019-02,1.87,3.45,1.556,3.126,1.871,3.493,2.19,1.92,1.97,2.06,1.92,1.83,1.88,1.79,1.47,395.0,526.0,680.0,1081.0,3.384904430894485,0.9792139857223698,32.5855
2019-03,1.863,3.487,1.577,3.215,1.793,3.43,2.365,2.085,2.105,2.015,1.86,1.73,1.945,1.765,1.51,446.5,540.0,690.5,1136.0,3.494199193312076,0.9598573674096308,33.2689
2019-04,1.81,3.439,1.564,3.221,1.726,3.338,2.23,2.07,2.0,1.94,1.82,1.73,1.91,1.74,1.5,383.0,,640.0,1066.0,3.4467531277065824,0.9650739863576308,34.0675
2019-05,1.946,3.659,1.616,3.339,1.882,3.602,2.24,2.17,2.17,1.99,1.92,1.8,1.96,1.77,1.56,384.0,690.0,698.0,1133.0,3.5254220626784725,0.9797972963305532,35.1591
2019-06,2.109,3.928,1.811,3.661,2.036,3.851,2.46,2.36,2.26,2.12,2.06,1.96,2.02,1.91,1.72,409.0,616.0,735.0,1229.0,3.842926915331376,0.9789044014360438,35.2611
2019-07,2.21,4.064,1.928,3.84,2.105,3.946,2.41,2.25,2.32,2.29,2.14,1.91,2.1,1.92,1.72,403.0,628.0,744.0,1210.0,4.0512895826214725,1.031572118910435,34.8582
2019-08,2.237,4.067,1.938,3.815,2.157,3.974,2.42,2.38,2.42,2.25,2.18,1.97,2.19,2.0,1.75,428.0,656.0,816.0,1234.0,4.068488950735106,1.034140546933368,35.8623
2019-09,2.256,4.088,1.968,3.832,2.163,3.99,,,,,,,,,,,,,1273.0,4.079110523249053,0.96763839475364,36.6781
2019-10,2.303,4.201,2.026,3.967,2.199,4.1,2.545,2.535,2.56,2.38,2.265,2.18,2.345,2.19,1.93,451.0,638.0,786.0,1279.0,4.145966872646097,1.0364054231728723,37.2917
2019-11,2.349,4.313,2.066,4.116,2.271,4.199,2.61,2.56,2.65,2.44,2.31,2.2,2.37,2.2,2.07,522.0,652.0,818.0,1314.0,4.286397425055234,1.031292107846462,37.6207
2019-12,2.279,4.243,1.961,3.972,2.212,4.175,2.41,2.44,2.51,2.31,2.22,2.21,2.23,2.21,1.94,470.0,713.0,822.0,1362.0,4.275785834025745,0.9688289943229972,37.5995
2020-01,2.119,3.969,1.784,3.603,2.06,3.886,,,,,,,,,,,,,1286.0,4.075477486893887,0.9487895974422148,37.3724
2020-02,2.119,3.919,1.65,3.344,2.151,3.983,2.54,2.475,2.46,2.16,2.085,1.94,2.14,1.965,1.63,470.0,615.0,791.5,1244.0,3.916522062562512,0.955111510068958,37.9644
2020-03,1.989,3.727,1.567,3.203,1.941,3.662,2.6100000000000003,2.2350000000000003,2.255,2.2,1.94,1.805,2.01,1.86,1.585,419.5,587.5,691.0,1247.0,3.809062145425617,0.953847534597492,43.1764
2020-04,1.74,3.294,1.452,2.982,1.7,3.244,2.31,2.17,2.15,1.95,1.77,1.64,1.89,1.76,1.48,380.0,450.0,712.0,1162.0,3.382795883593237,0.9075872638444852,43.3147
2020-05,1.848,3.459,1.501,3.08,1.893,3.535,2.19,2.09,2.1,1.92,1.77,1.6,1.8,1.69,1.41,374.0,560.0,730.0,1123.0,3.398785754515454,0.9226195370469872,43.4763
2020-06,1.886,3.485,1.548,3.112,1.88,3.519,2.14,1.95,1.94,1.83,1.74,1.62,1.85,1.67,1.37,395.0,,682.0,1122.0,3.4873834560960075,0.9096475856270644,42.6276
2020-07,1.923,3.512,1.625,3.208,1.808,3.381,2.17,2.06,2.02,1.85,1.83,1.74,1.93,1.7,1.42,381.0,483.0,695.0,1115.0,3.485791418180685,0.974449892719297,43.0526
2020-08,2.027,3.652,1.659,3.234,1.994,3.635,2.29,2.2,2.16,1.91,1.82,,2.0,1.89,1.48,396.0,525.0,684.0,1152.0,3.614572152172912,0.9750811675093726,42.652
2020-09,1.934,3.486,1.63,3.155,1.81,3.379,2.2,2.17,2.16,1.945,1.87,1.6949999999999998,1.895,1.79,1.465,409.5,625.0,706.5,1109.0,3.54065228270696,0.9440014166564648,42.5
2020-10,1.858,3.368,1.577,3.073,1.731,3.236,2.0,1.86,2.02,1.77,1.77,1.65,1.74,1.63,1.41,344.0,426.0,641.0,1128.0,3.4182573845911364,0.9627383414161734,42.6595
2020-11,1.839,3.357,1.433,2.851,1.727,3.217,1.84,1.68,1.77,1.62,1.54,1.48,1.58,1.55,1.29,342.0,416.0,579.0,1094.0,3.344993288480248,0.9318808408449922,42.7725
2020-12,1.706,3.179,1.396,2.822,1.623,3.077,1.89,1.71,1.87,1.66,1.57,1.56,1.65,1.5,1.3,332.0,485.0,588.0,1118.0,3.2168407030165773,0.8531408254582955,42.4159
2021-01,1.758,3.281,1.464,2.971,1.668,3.175,,,,,,,,,,,,,1071.0,3.269954861452029,0.9035600656642157,42.2974
2021-02,1.915,3.505,1.565,3.138,1.847,3.417,,,,,,,,,,,,,1088.0,3.412715914147745,0.9228511205120232,42.6944
2021-03,1.952,3.613,1.653,3.344,1.869,3.517,,,,,,,,,,,,,1161.0,3.61201895324428,0.9138818019165048,44.1925
2021-04,1.935,3.625,1.649,3.357,1.834,3.513,2.4166666666666665,2.1666666666666665,2.17,1.913333333333333,1.83,1.7833333333333332,1.846666666666667,1.7666666666666666,1.5133333333333334,387.0,545.0,653.0,1171.0,3.595462956966485,0.905882135163144,44.1
2021-05,2.105,3.911,1.762,3.6,2.025,3.817,2.27,2.14,2.09,2.03,1.91,1.87,1.87,1.8,1.58,387.0,,682.0,1196.0,3.788256206844622,0.9285203185155384,43.9975
2021-06,2.182,4.049,1.87,3.772,2.073,3.937,2.27,2.01,2.07,1.98,1.91,1.89,1.93,1.82,1.53,352.0,502.0,685.0,1261.0,4.0243650043156425,0.9699340712269124,43.6159
2021-07,2.295,4.206,1.975,3.91,2.117,4.007,2.52,2.22,2.34,2.06,2.01,1.99,2.01,1.95,1.67,384.0,580.0,722.0,1272.0,4.143697659927958,0.9892505870504432,43.8373
2021-08,2.44,4.424,2.096,4.093,2.273,4.24,2.43,2.29,2.29,2.12,2.09,2.06,2.09,2.0,1.74,425.0,690.0,753.0,1308.0,4.38900582811128,1.009490499698267,43.2738
2021-09,2.458,4.459,2.121,4.127,2.282,4.262,2.28,2.22,2.41,2.12,2.13,2.2,2.1,1.98,1.85,444.0,,741.0,1367.0,4.432743168529353,0.9702544602727116,42.6571
2021-10,2.568,4.671,2.236,4.379,2.388,4.49,2.34,2.23,2.3,2.24,2.17,2.115,2.105,2.045,1.845,442.5,,738.0,1389.0,4.6066439549999405,1.032241036794198,43.5435
2021-11,2.447,4.475,2.037,4.077,2.28,4.277,2.14,2.04,2.07,2.08,2.0,1.98,1.98,1.83,1.75,421.0,570.0,733.0,1403.0,4.551143874346223,0.951720259087022,43.9881
2021-12,2.336,4.352,1.964,3.981,2.148,4.138,2.17,2.22,2.11,2.15,2.15,2.02,2.04,2.02,1.79,446.0,630.0,695.0,1397.0,4.35388043865022,0.9062315662041384,44.3226
2022-01,2.415,4.497,2.005,4.072,2.22,4.285,,,,,,,,,,,,,1657.0,4.438508322013343,0.9216249667100492,44.5325
2022-02,2.633,4.827,2.183,4.392,2.443,4.596,2.74,2.53,2.52,2.49,2.45,2.43,2.41,2.38,2.06,490.0,718.0,802.0,1731.0,4.704789991866438,0.9725987538976576,43.2184
2022-03,2.75,5.092,2.364,4.775,2.561,4.889,3.02,2.745,2.8,2.605,2.485,2.515,2.565,2.465,2.1,593.5,715.0,910.0,1735.0,5.027658166378865,1.011617311146975,42.3136
2022-04,2.887,5.384,2.48,5.056,2.692,5.186,2.6100000000000003,3.08,2.88,2.79,2.715,2.69,2.655,2.555,2.19,544.0,828.5,993.5,1826.0,5.274373787507652,1.0106177359951958,41.1067
2022-05,2.97,5.513,2.544,5.198,2.791,5.321,3.01,2.74,2.82,2.77,2.67,2.79,2.57,2.53,2.18,534.0,744.0,1012.0,1869.5149798949649,5.505541148418658,1.0188650689775776,40.8
2022-06,2.984,5.5,2.549,5.116,2.763,5.247,2.96,2.78,2.79,2.75,2.7,2.65,2.6,2.5,2.16,506.0,664.0,1014.0,1838.0,5.475343719593138,1.020661520435566,39.7568
2022-07,2.981,5.425,2.539,5.001,2.793,5.219,2.99,2.79,2.77,2.76,2.65,2.64,2.59,2.55,2.16,476.0,815.0,1071.0,1785.0,5.499760736119866,1.05261719899945,41.035
2022-08,2.976,5.365,2.493,4.821,2.758,5.107,3.12,2.975,3.0,2.89,2.955,2.78,2.67,2.56,2.27,535.0,714.0,979.0,1813.0,5.370544267116353,1.0269149678038874,40.4841
2022-09,2.781,4.993,2.295,4.432,2.547,4.713,2.755,2.4850000000000003,2.72,2.505,2.39,2.33,2.295,2.31,2.04,524.0,714.0,918.0,1718.0,5.224535033866405,1.045657170404615,40.9068
2022-10,2.299,4.139,1.817,3.533,2.057,3.819,2.25,2.005,2.105,2.1,2.005,1.975,1.925,0.0,1.705,374.5,581.0,709.0,1581.0,4.439215761464689,0.9155985485842402,41.055
2022-11,2.212,4.001,1.64,3.234,1.989,3.687,2.34,2.14,2.125,2.08,1.04,1.05,2.045,2.04,1.675,440.0,667.0,766.0,1483.0,4.037499632894473,0.9077363681041148,39.8214
2022-12,2.073,3.809,1.62,3.249,1.908,3.597,2.375,2.08,2.04,2.17,2.0,2.0,1.955,1.8,1.68,438.0,714.0,810.5,1407.0,3.8722426716657856,0.9370625726069832,39.0833
2023-01,1.99,3.667,1.556,3.144,1.968,3.695,,,,,,,,,,,,,1408.0,3.636765792563113,0.9037658878037788,39.4524
2023-02,2.134,3.887,1.612,3.268,2.015,3.779,2.435,2.29,2.13,2.065,1.915,1.905,1.995,1.82,1.56,392.5,550.0,652.0,1491.0,3.813058051395053,0.8855587101845446,39.0361
2023-03,2.25,4.153,1.822,3.683,2.089,3.978,2.46,2.123333333333333,2.2,1.9733333333333332,1.9466666666666663,1.9433333333333331,1.8633333333333333,1.84,1.5066666666666666,365.0,492.0,703.3333333333334,1513.0,4.051683789783588,0.9206953181082898,39.137
2023-04,2.388,4.366,1.924,3.892,2.249,4.225,2.575,2.165,2.24,2.075,2.005,2.03,1.95,1.865,1.605,382.0,,710.5,1527.0,4.276381338360324,0.962592110128768,38.8357
2023-05,2.401,4.383,1.909,3.838,2.257,4.243,2.47,2.05,2.075,2.035,1.965,1.91,1.86,1.775,1.495,356.5,,661.0,1610.0,4.409283903055138,0.9587113802520076,38.8738
2023-06,2.296,4.173,1.866,3.69,2.129,3.999,2.53,2.04,2.09,2.01,1.95,1.82,1.79,1.7,1.51,373.57,591.3,674.19,1497.0,4.254163610347753,0.937382514220807,38.2714
2023-07,2.179,3.936,1.746,3.395,1.951,3.643,2.64,2.14,2.21,2.16,2.0,,1.92,1.8,1.56,387.0,580.0,722.0,1461.0,3.9972696302084874,0.9496235399959032,37.935
2023-08,2.181,3.907,1.726,3.329,2.029,3.727,2.43,2.1,2.42,2.1,1.88,1.95,1.97,1.87,1.53,438.0,430.0,759.97,1475.0,3.964046545290393,0.9649671667860544,37.8568
2023-09,1.969,3.542,1.575,3.025,1.794,3.323,,,,,,,,,,,,,1430.0,3.663663574156364,0.901432094837924,38.1119
2023-10,1.88,3.373,1.454,2.799,1.687,3.133,2.1,1.87,1.99,1.95,1.81,1.73,1.77,1.64,1.48,421.0,476.0,664.0,1387.0,3.3389352592357757,0.8527393621140452,39.6905
2023-11,1.884,3.403,1.441,2.806,1.714,3.196,2.215,1.92,1.9,1.905,1.79,1.74,1.76,1.71,1.42,394.315,472.5,651.005,1350.0,3.451171370504155,0.8683018461634943,39.5929
2023-12,1.822,3.34,1.493,2.937,1.66,3.141,2.19,2.09,1.955,1.915,1.93,1.78,1.825,1.72,1.51,433.5,578.0,742.5,1318.0,3.3277445695385426,0.8574254781184537,39.2975
2024-01,1.953,3.579,1.588,3.153,1.796,3.397,,,,,,,,,,,,,1366.0,3.5102106353634426,0.9023976030786812,39.1477
2024-02,1.983,3.639,1.583,3.176,1.882,3.535,2.523333333333333,2.19,2.4466666666666668,2.2133333333333334,1.9733333333333332,1.895,2.026666666666667,1.91,1.5633333333333337,469.6666666666667,567.0,788.3333333333334,1430.0,3.6188360874520473,0.9050412045362304,39.1237
2024-03,2.017,3.734,1.675,3.349,1.91,3.609,2.74,2.32,2.34,2.21,1.99,1.91,2.19,1.92,1.59,462.0,,771.0,1400.0,3.7024486900278064,0.8984501354876242,38.625
2024-04,2.018,3.755,1.675,3.377,1.868,3.584,2.6950000000000003,2.28,2.285,2.215,1.98,1.885,2.005,1.89,1.5750000000000002,458.055,642.8399999999999,774.145,1442.0,3.74186448167705,0.9450749534608324,38.4976
2024-05,2.049,3.79,1.666,3.377,1.913,3.661,2.565,2.1,2.145,2.09,1.92,1.84,1.89,1.76,1.54,431.775,687.5,769.5550000000001,1531.0,3.785110198657085,0.927721431424524,38.5091
2024-06,2.08,3.851,1.737,3.481,1.922,3.678,2.53,2.1,2.06,2.06,1.89,1.77,1.87,1.68,1.48,389.36,597.83,744.93,1488.0,3.827303920996585,0.916229168137205,39.2237
2024-07,2.174,3.979,1.837,3.637,2.078,3.888,2.47,2.09,2.22,2.07,1.88,1.81,1.86,1.85,1.53,394.27,,729.56,1489.0,3.93564567917251,0.9467325908711256,40.1591
2024-08,2.257,4.096,1.893,3.727,2.16,3.979,2.56,2.28,2.23,2.35,2.09,1.9,2.14,1.88,1.65,407.34,624.15,757.76,1534.0,4.066123744588616,0.9680210484794044,40.3432
2024-09,2.249,4.068,1.912,3.73,2.166,4.006,,,,,,,,,,,,,1506.0,4.09939198656284,0.9642585332300476,41.0345
2024-10,2.227,4.042,1.891,3.707,2.119,3.952,2.5,2.26,2.36,2.21,2.06,1.92,2.09,1.98,1.64,455.74,529.84,723.67,1555.0,4.005590481107028,0.9188281315566456,41.5391
2024-11,2.262,4.132,1.9,3.805,2.164,4.049,2.63,2.26,2.295,2.345,2.18,2.12,2.16,2.0,1.73,459.98,640.87,749.3,1579.0,4.11586557490034,0.8897811100509335,42.4262
2024-12,2.264,4.165,1.92,3.855,2.16,4.076,2.81,2.38,2.32,2.33,2.22,2.08,2.23,2.07,1.74,462.0,,821.99,1592.0,4.153604456791232,0.926849210104461,43.9881
2025-01,2.277,4.216,1.925,3.889,2.193,4.134,,,,,,,,,,,,,1607.0,4.197262844285833,0.9019867821946967,43.7333
2025-02,2.328,4.27,1.941,3.904,2.237,4.191,2.8366666666666664,2.4266666666666663,2.655,2.4533333333333336,2.3233333333333333,2.1966666666666668,2.293333333333333,2.14,1.7266666666666666,473.48333333333335,695.0,815.3766666666667,1613.0,4.24184391894509,0.9089896524072084,43.155
2025-03,2.442,4.507,2.083,4.174,2.33,4.384,3.0700000000000003,2.575,2.715,2.5700000000000003,2.415,2.245,2.39,2.285,1.985,513.845,652.74,805.87,1671.0,4.4026920843123705,0.9245259249417735,42.3381
2025-04,2.479,4.623,2.127,4.319,2.384,4.531,2.925,2.57,2.575,2.515,2.455,2.345,2.405,2.285,1.94,510.955,800.0,887.115,1675.0,4.605583401546088,0.9725822108078916,42.3286
2025-05,2.528,4.681,2.158,4.392,2.449,4.608,2.895,2.6,2.59,2.645,2.5,2.335,2.425,2.275,1.92,543.2950000000001,767.2,873.86,1719.0,4.657438134949492,0.9253727014947256,41.7095
2025-06,2.653,4.9,2.343,4.678,2.567,4.825,2.95,2.65,2.76,2.72,2.56,2.47,2.52,2.35,1.98,550.61,780.58,901.12,1715.0,4.834996496905665,0.9871824703350348,40.9595
2025-07,2.797,5.098,2.448,4.823,2.676,4.985,3.04,2.84,2.74,2.77,2.67,2.56,2.6,2.38,2.03,524.03,776.14,945.83,1725.0,5.027471484187918,1.007246620022794,40.2457
2025-08,2.863,5.161,2.511,4.871,2.74,5.058,3.05,2.97,3.0,2.9,2.79,2.71,2.69,2.62,2.1,576.21,779.81,982.76,1787.0,5.120802304323866,0.9493862037350588,40.0619
2025-09,2.954,5.322,2.64,5.087,2.831,5.217,,,,,,,,,,,,,1788.0,5.271259094905995,1.0300857248283624,39.9909
2025-10,3.035,5.464,2.673,5.17,2.904,5.343,3.35,3.17,3.24,3.13,3.06,2.92,3.0,2.9,2.25,611.16,787.68,943.47,1791.0,5.447516972799575,1.10363611090032,39.9326
2025-11,2.965,5.355,2.487,4.906,2.85,5.241,3.175,2.9850000000000003,3.04,3.06,2.855,2.805,2.8,2.725,2.155,608.915,878.325,955.6,1857.0,5.408613263701234,1.0013308430521506,39.7525
2025-12,2.905,5.297,2.413,4.803,2.784,5.175,3.31,3.1,3.05,3.13,2.93,2.84,2.9,2.79,2.29,645.29,890.17,1022.72,1835.0,5.3044426604991,1.0044044330240565,39.1591
2026-01,2.948,5.37,2.463,4.913,2.827,5.25,,,,,,,,,,,,,1868.0,5.316468425065056,0.9949172396890608,38.5
2026-02,3.079,5.618,2.604,5.231,2.977,5.52,3.6966666666666663,3.436666666666667,3.556666666666666,3.3766666666666665,3.19,2.96,3.26,3.126666666666667,2.4033333333333333,685.0833333333334,998.41,1140.0366666666666,1932.0,5.553807653126375,1.0271579281077474,38.5889
2026-03,3.092,5.652,2.62,5.264,3.02,5.56,4.015,3.705,3.785,3.3550000000000004,3.11,3.005,3.18,2.935,2.355,688.655,957.725,1172.875,1976.0,5.69393718084347,1.0169001025542932,40.1818
2026-04,3.068,5.562,2.497,4.997,2.984,5.476,4.08,3.955,3.82,3.345,3.1100000000000003,2.94,3.31,3.0,2.385,704.705,1090.035,1266.885,2018.0,5.53695276777018,0.9660480761688104,40.0079
2026-05,3.112,5.685,2.648,5.278,3.096,5.677,4.095,3.955,3.925,3.44,3.065,2.915,3.265,3.05,2.425,742.575,1065.315,1268.295,,5.641517342258366,0.9251386366949038,40.03
